Carles,20,carlitos@gmail.com,Madrid,LOL,Futbol,Dinero,Finanzas,Viajar
Ferran,32,francisco85@hotmail.es,Figueres,Chistes,LOL,Ley,Policia,Delitos
Felipe,12,moumoutv@perico.es,Uruguay,Fumar,LOL,Viajar,Dinero,Hockey
Maria,24,tufamilia@feliz.net,Francia,Ropa,Moda,Fumar,Microondas,Fisica
Tsunami,98,aguacurva@mojada.es,Mallorca,Agua,Peces,Rios,Mallorca,Islas
Gori,19,mallorqui@petra.bal,Petra,Islas,Mallorca,Futbol,Coches,Viajar
Barbara,19,galesadeporvida@forreal.com,UPF,Islas,Mallorca,Viajar,Badbinton,Ping_pong
Natalia,18,quintana.natalia@escoleta.cat,Canada,Amor,Futbol,Videojuegos,Marvel,Baloncesto
Valentina,18,lavale04@gmail.com,Italia,Comer,Moda,Futbol,Dinero,Javi
Josefina,18,lajosefina04@hotmail.com,Napoles,Futbol,Marvel,Botanica,Macedonia,Peru
Javier,18,ocampo.tafur@gmail.es,Peru,Marvel,Futbol,Dinero,Peru,Viajar
Victor,99,megusta@fumar.si,Pobla,Fumar,Dinero,Islas,Amor,Coches
Alba,1,soymenor@policia.es,Menorca,Islas,Fumar,Futbol,Videojuegos,Messi
Enric,34,belgacatalan@immigrante.net,Belgica,Paladins,Videoguejos,Vegano,Informatica,Futbol
Lucia,22,nocomo@carneanimal.com,Granja,Vegano,Animales,Botanica,Fumar,Moda
Mohamed,57,mohamed.int@informatico.es,Cantabria,Informatica,Comer,Dinero,Finanzas,Viajar,
Andrea,87,andre.coballos@gmail.com,Melilla,Amor,Viajar,Historia,DC,Superheroes
Gemma,11,gymasthetic@claror.es,Miami,Moda,Gimnasio,Trabajar,Comer,Amor
Antonio,39,antonio.1221@palcam.cat,Afganistan,Viajar,Amor,Dinero,Coches,Badbinton
Marcel,19,meidana.esteae@gmail.com,Barcelona,Baloncesto,Videojuegos,Informatica,Viajar,Dinero
